-- Simple tables
INSERT INTO ethnicity VALUES(0, 'asian');
INSERT INTO ethnicity VALUES(1, 'black');
INSERT INTO ethnicity VALUES(2, 'hispanic');
INSERT INTO ethnicity VALUES(3, 'white');

INSERT INTO gender VALUES(0, 'female');
INSERT INTO gender VALUES(1, 'male');

INSERT INTO symptoms VALUES(0, true, true, true);
INSERT INTO symptoms VALUES(1, false, true, true);
INSERT INTO symptoms VALUES(2, false, false, true);
INSERT INTO symptoms VALUES(3, false, false, false);
INSERT INTO symptoms VALUES(4, true, false, true);
INSERT INTO symptoms VALUES(5, true, false, false);
INSERT INTO symptoms VALUES(6, true, true, false);
INSERT INTO symptoms VALUES(7, false, true, false);

INSERT INTO disease VALUES('cabbage disease', 0.2);
INSERT INTO disease VALUES('lettuce disease', 0.35);

-- Patient table
INSERT INTO patient (ethnicity, gender, symptoms_family, disease) VALUES (0, 1, 7, 'lettuce disease');
INSERT INTO patient (ethnicity, gender, symptoms_family, disease) VALUES (1, 0, 3, null);
INSERT INTO patient (ethnicity, gender, symptoms_family, disease) VALUES (0, 0, 7, null);
INSERT INTO patient (ethnicity, gender, symptoms_family, disease) VALUES (2, 1, 0, null);
INSERT INTO patient (ethnicity, gender, symptoms_family, disease) VALUES (3, 1, 3, null);
INSERT INTO patient (ethnicity, gender, symptoms_family, disease) VALUES (0, 1, 7, 'lettuce disease');
INSERT INTO patient (ethnicity, gender, symptoms_family, disease) VALUES (2, 0, 0, null);
INSERT INTO patient (ethnicity, gender, symptoms_family, disease) VALUES (1, 0, 4, 'cabbage disease');
INSERT INTO patient (ethnicity, gender, symptoms_family, disease) VALUES (1, 1, 0, null);
INSERT INTO patient (ethnicity, gender, symptoms_family, disease) VALUES (1, 0, 3, null);
INSERT INTO patient (ethnicity, gender, symptoms_family, disease) VALUES (2, 0, 0, null);
INSERT INTO patient (ethnicity, gender, symptoms_family, disease) VALUES (0, 1, 7, 'lettuce disease');
INSERT INTO patient (ethnicity, gender, symptoms_family, disease) VALUES (0, 1, 0, 'lettuce disease');
INSERT INTO patient (ethnicity, gender, symptoms_family, disease) VALUES (0, 0, 7, null);
INSERT INTO patient (ethnicity, gender, symptoms_family, disease) VALUES (0, 1, 7, 'lettuce disease');
INSERT INTO patient (ethnicity, gender, symptoms_family, disease) VALUES (3, 0, 0, null);
INSERT INTO patient (ethnicity, gender, symptoms_family, disease) VALUES (0, 0, 3, null);
INSERT INTO patient (ethnicity, gender, symptoms_family, disease) VALUES (1, 0, 7, null);
INSERT INTO patient (ethnicity, gender, symptoms_family, disease) VALUES (0, 0, 7, null);
INSERT INTO patient (ethnicity, gender, symptoms_family, disease) VALUES (3, 1, 0, null);
INSERT INTO patient (ethnicity, gender, symptoms_family, disease) VALUES (1, 1, 4, 'cabbage disease');
INSERT INTO patient (ethnicity, gender, symptoms_family, disease) VALUES (3, 1, 2, null);
INSERT INTO patient (ethnicity, gender, symptoms_family, disease) VALUES (3, 1, 2, null);
INSERT INTO patient (ethnicity, gender, symptoms_family, disease) VALUES (0, 1, 3, 'cabbage disease');
INSERT INTO patient (ethnicity, gender, symptoms_family, disease) VALUES (3, 0, 1, null);
INSERT INTO patient (ethnicity, gender, symptoms_family, disease) VALUES (2, 1, 1, null);
INSERT INTO patient (ethnicity, gender, symptoms_family, disease) VALUES (2, 1, 1, null);
INSERT INTO patient (ethnicity, gender, symptoms_family, disease) VALUES (3, 1, 0, 'lettuce disease');
INSERT INTO patient (ethnicity, gender, symptoms_family, disease) VALUES (1, 0, 3, null);
INSERT INTO patient (ethnicity, gender, symptoms_family, disease) VALUES (3, 1, 0, 'cabbage disease');
INSERT INTO patient (ethnicity, gender, symptoms_family, disease) VALUES (0, 1, 7, null);
INSERT INTO patient (ethnicity, gender, symptoms_family, disease) VALUES (3, 0, 5, null);
INSERT INTO patient (ethnicity, gender, symptoms_family, disease) VALUES (0, 0, 7, null);
INSERT INTO patient (ethnicity, gender, symptoms_family, disease) VALUES (3, 1, 4, 'cabbage disease');
INSERT INTO patient (ethnicity, gender, symptoms_family, disease) VALUES (2, 1, 1, null);
INSERT INTO patient (ethnicity, gender, symptoms_family, disease) VALUES (3, 1, 2, null);
INSERT INTO patient (ethnicity, gender, symptoms_family, disease) VALUES (1, 0, 2, null);
INSERT INTO patient (ethnicity, gender, symptoms_family, disease) VALUES (0, 1, 1, null);
INSERT INTO patient (ethnicity, gender, symptoms_family, disease) VALUES (2, 0, 3, null);
INSERT INTO patient (ethnicity, gender, symptoms_family, disease) VALUES (1, 1, 4, null);
INSERT INTO patient (ethnicity, gender, symptoms_family, disease) VALUES (1, 0, 0, null);
INSERT INTO patient (ethnicity, gender, symptoms_family, disease) VALUES (1, 1, 0, null);
INSERT INTO patient (ethnicity, gender, symptoms_family, disease) VALUES (3, 1, 4, 'cabbage disease');
INSERT INTO patient (ethnicity, gender, symptoms_family, disease) VALUES (2, 0, 2, null);
INSERT INTO patient (ethnicity, gender, symptoms_family, disease) VALUES (2, 1, 4, 'cabbage disease');
INSERT INTO patient (ethnicity, gender, symptoms_family, disease) VALUES (2, 1, 6, null);
INSERT INTO patient (ethnicity, gender, symptoms_family, disease) VALUES (2, 1, 6, null);
INSERT INTO patient (ethnicity, gender, symptoms_family, disease) VALUES (2, 0, 7, null);
INSERT INTO patient (ethnicity, gender, symptoms_family, disease) VALUES (2, 0, 7, null);
INSERT INTO patient (ethnicity, gender, symptoms_family, disease) VALUES (0, 1, 0, null);
INSERT INTO patient (ethnicity, gender, symptoms_family, disease) VALUES (3, 0, 0, 'cabbage disease');
INSERT INTO patient (ethnicity, gender, symptoms_family, disease) VALUES (1, 0, 2, null);
INSERT INTO patient (ethnicity, gender, symptoms_family, disease) VALUES (3, 1, 5, null);
INSERT INTO patient (ethnicity, gender, symptoms_family, disease) VALUES (2, 1, 4, null);
INSERT INTO patient (ethnicity, gender, symptoms_family, disease) VALUES (3, 1, 1, null);
INSERT INTO patient (ethnicity, gender, symptoms_family, disease) VALUES (2, 0, 4, null);
INSERT INTO patient (ethnicity, gender, symptoms_family, disease) VALUES (3, 1, 4, 'cabbage disease');
INSERT INTO patient (ethnicity, gender, symptoms_family, disease) VALUES (0, 1, 4, 'lettuce disease');
INSERT INTO patient (ethnicity, gender, symptoms_family, disease) VALUES (1, 1, 0, null);
INSERT INTO patient (ethnicity, gender, symptoms_family, disease) VALUES (1, 1, 7, 'lettuce disease');
INSERT INTO patient (ethnicity, gender, symptoms_family, disease) VALUES (0, 0, 2, null);
INSERT INTO patient (ethnicity, gender, symptoms_family, disease) VALUES (3, 1, 3, null);
INSERT INTO patient (ethnicity, gender, symptoms_family, disease) VALUES (0, 0, 0, null);
INSERT INTO patient (ethnicity, gender, symptoms_family, disease) VALUES (1, 0, 2, null);
INSERT INTO patient (ethnicity, gender, symptoms_family, disease) VALUES (0, 1, 4, 'cabbage disease');
INSERT INTO patient (ethnicity, gender, symptoms_family, disease) VALUES (3, 1, 2, 'cabbage disease');
INSERT INTO patient (ethnicity, gender, symptoms_family, disease) VALUES (2, 0, 4, null);
INSERT INTO patient (ethnicity, gender, symptoms_family, disease) VALUES (2, 0, 1, null);
INSERT INTO patient (ethnicity, gender, symptoms_family, disease) VALUES (0, 1, 4, 'cabbage disease');
INSERT INTO patient (ethnicity, gender, symptoms_family, disease) VALUES (0, 1, 3, null);
INSERT INTO patient (ethnicity, gender, symptoms_family, disease) VALUES (3, 1, 2, null);
INSERT INTO patient (ethnicity, gender, symptoms_family, disease) VALUES (1, 0, 4, 'cabbage disease');
INSERT INTO patient (ethnicity, gender, symptoms_family, disease) VALUES (0, 1, 2, 'cabbage disease');
INSERT INTO patient (ethnicity, gender, symptoms_family, disease) VALUES (1, 1, 4, 'cabbage disease');
INSERT INTO patient (ethnicity, gender, symptoms_family, disease) VALUES (3, 1, 2, null);
INSERT INTO patient (ethnicity, gender, symptoms_family, disease) VALUES (2, 1, 4, 'cabbage disease');
INSERT INTO patient (ethnicity, gender, symptoms_family, disease) VALUES (3, 1, 5, 'cabbage disease');
INSERT INTO patient (ethnicity, gender, symptoms_family, disease) VALUES (3, 1, 4, 'cabbage disease');
INSERT INTO patient (ethnicity, gender, symptoms_family, disease) VALUES (2, 0, 3, null);
INSERT INTO patient (ethnicity, gender, symptoms_family, disease) VALUES (3, 1, 4, 'cabbage disease');
INSERT INTO patient (ethnicity, gender, symptoms_family, disease) VALUES (2, 1, 5, null);
INSERT INTO patient (ethnicity, gender, symptoms_family, disease) VALUES (3, 0, 7, null);
INSERT INTO patient (ethnicity, gender, symptoms_family, disease) VALUES (3, 1, 4, 'cabbage disease');
INSERT INTO patient (ethnicity, gender, symptoms_family, disease) VALUES (1, 1, 3, null);
INSERT INTO patient (ethnicity, gender, symptoms_family, disease) VALUES (2, 1, 4, null);
INSERT INTO patient (ethnicity, gender, symptoms_family, disease) VALUES (0, 1, 7, 'lettuce disease');
INSERT INTO patient (ethnicity, gender, symptoms_family, disease) VALUES (2, 0, 7, null);
INSERT INTO patient (ethnicity, gender, symptoms_family, disease) VALUES (3, 0, 5, null);
INSERT INTO patient (ethnicity, gender, symptoms_family, disease) VALUES (2, 1, 1, null);
INSERT INTO patient (ethnicity, gender, symptoms_family, disease) VALUES (2, 1, 3, null);
INSERT INTO patient (ethnicity, gender, symptoms_family, disease) VALUES (1, 0, 6, null);
INSERT INTO patient (ethnicity, gender, symptoms_family, disease) VALUES (2, 0, 5, null);
INSERT INTO patient (ethnicity, gender, symptoms_family, disease) VALUES (1, 0, 3, null);
INSERT INTO patient (ethnicity, gender, symptoms_family, disease) VALUES (2, 0, 7, null);
INSERT INTO patient (ethnicity, gender, symptoms_family, disease) VALUES (2, 1, 4, 'cabbage disease');
INSERT INTO patient (ethnicity, gender, symptoms_family, disease) VALUES (2, 1, 4, null);
INSERT INTO patient (ethnicity, gender, symptoms_family, disease) VALUES (0, 0, 6, null);
INSERT INTO patient (ethnicity, gender, symptoms_family, disease) VALUES (0, 1, 3, null);
INSERT INTO patient (ethnicity, gender, symptoms_family, disease) VALUES (3, 1, 2, null);
INSERT INTO patient (ethnicity, gender, symptoms_family, disease) VALUES (2, 1, 5, null);
INSERT INTO patient (ethnicity, gender, symptoms_family, disease) VALUES (1, 1, 6, null);


TRUNCATE TABLE patient, disease, symptoms, gender, ethnicity RESTART IDENTITY CASCADE;